-- ============================================
-- 扩展种子数据 (补充至设计要求规模)
-- 执行前请先运行 init.sql 和 seed.sql
-- ============================================

USE student_manager_db;

-- =============================================
-- 补充用户账户 (学生 7-56, 教师 5-14)
-- =============================================

-- 教师用户 (5-14)
INSERT INTO user (id, username, password_hash, salt, role, real_name, status) VALUES
(11, 'teacher4', 'bc86e9fbd3c5ac12f5c3237b255034f8', 'salt456', 'TEACHER', '赵文博', 1),
(12, 'teacher5', 'bc86e9fbd3c5ac12f5c3237b255034f8', 'salt456', 'TEACHER', '孙丽华', 1),
(13, 'teacher6', 'bc86e9fbd3c5ac12f5c3237b255034f8', 'salt456', 'TEACHER', '周志远', 1),
(14, 'teacher7', 'bc86e9fbd3c5ac12f5c3237b255034f8', 'salt456', 'TEACHER', '吴海燕', 1),
(15, 'teacher8', 'bc86e9fbd3c5ac12f5c3237b255034f8', 'salt456', 'TEACHER', '郑明辉', 1),
(16, 'teacher9', 'bc86e9fbd3c5ac12f5c3237b255034f8', 'salt456', 'TEACHER', '陈思远', 1),
(17, 'teacher10', 'bc86e9fbd3c5ac12f5c3237b255034f8', 'salt456', 'TEACHER', '林雅琴', 1);

-- 学生用户 (7-56)
INSERT INTO user (id, username, password_hash, salt, role, real_name, status) VALUES
(18, 'student7', 'b36e6fd615a046a6ff9b5ccf75036500', 'salt789', 'STUDENT', '黄志明', 1),
(19, 'student8', 'b36e6fd615a046a6ff9b5ccf75036500', 'salt789', 'STUDENT', '林小雨', 1),
(20, 'student9', 'b36e6fd615a046a6ff9b5ccf75036500', 'salt789', 'STUDENT', '杨浩然', 1),
(21, 'student10', 'b36e6fd615a046a6ff9b5ccf75036500', 'salt789', 'STUDENT', '周雨晴', 1),
(22, 'student11', 'b36e6fd615a046a6ff9b5ccf75036500', 'salt789', 'STUDENT', '吴志强', 1),
(23, 'student12', 'b36e6fd615a046a6ff9b5ccf75036500', 'salt789', 'STUDENT', '郑晓婷', 1),
(24, 'student13', 'b36e6fd615a046a6ff9b5ccf75036500', 'salt789', 'STUDENT', '孙鹏飞', 1),
(25, 'student14', 'b36e6fd615a046a6ff9b5ccf75036500', 'salt789', 'STUDENT', '刘思琪', 1),
(26, 'student15', 'b36e6fd615a046a6ff9b5ccf75036500', 'salt789', 'STUDENT', '陈嘉豪', 1),
(27, 'student16', 'b36e6fd615a046a6ff9b5ccf75036500', 'salt789', 'STUDENT', '张雨萱', 1),
(28, 'student17', 'b36e6fd615a046a6ff9b5ccf75036500', 'salt789', 'STUDENT', '王俊杰', 1),
(29, 'student18', 'b36e6fd615a046a6ff9b5ccf75036500', 'salt789', 'STUDENT', '李梦瑶', 1),
(30, 'student19', 'b36e6fd615a046a6ff9b5ccf75036500', 'salt789', 'STUDENT', '赵天宇', 1),
(31, 'student20', 'b36e6fd615a046a6ff9b5ccf75036500', 'salt789', 'STUDENT', '钱思远', 1),
(32, 'student21', 'b36e6fd615a046a6ff9b5ccf75036500', 'salt789', 'STUDENT', '孙雅婷', 1),
(33, 'student22', 'b36e6fd615a046a6ff9b5ccf75036500', 'salt789', 'STUDENT', '周浩宇', 1),
(34, 'student23', 'b36e6fd615a046a6ff9b5ccf75036500', 'salt789', 'STUDENT', '吴佳琪', 1),
(35, 'student24', 'b36e6fd615a046a6ff9b5ccf75036500', 'salt789', 'STUDENT', '郑凯文', 1),
(36, 'student25', 'b36e6fd615a046a6ff9b5ccf75036500', 'salt789', 'STUDENT', '冯晓峰', 1),
(37, 'student26', 'b36e6fd615a046a6ff9b5ccf75036500', 'salt789', 'STUDENT', '陈雨欣', 1),
(38, 'student27', 'b36e6fd615a046a6ff9b5ccf75036500', 'salt789', 'STUDENT', '褚卫国', 1),
(39, 'student28', 'b36e6fd615a046a6ff9b5ccf75036500', 'salt789', 'STUDENT', '蒋美琳', 1),
(40, 'student29', 'b36e6fd615a046a6ff9b5ccf75036500', 'salt789', 'STUDENT', '沈子轩', 1),
(41, 'student30', 'b36e6fd615a046a6ff9b5ccf75036500', 'salt789', 'STUDENT', '韩雅文', 1),
(42, 'student31', 'b36e6fd615a046a6ff9b5ccf75036500', 'salt789', 'STUDENT', '杨志豪', 1),
(43, 'student32', 'b36e6fd615a046a6ff9b5ccf75036500', 'salt789', 'STUDENT', '朱晓丽', 1),
(44, 'student33', 'b36e6fd615a046a6ff9b5ccf75036500', 'salt789', 'STUDENT', '秦伟明', 1),
(45, 'student34', 'b36e6fd615a046a6ff9b5ccf75036500', 'salt789', 'STUDENT', '许思涵', 1),
(46, 'student35', 'b36e6fd615a046a6ff9b5ccf75036500', 'salt789', 'STUDENT', '何俊杰', 1),
(47, 'student36', 'b36e6fd615a046a6ff9b5ccf75036500', 'salt789', 'STUDENT', '吕雨桐', 1),
(48, 'student37', 'b36e6fd615a046a6ff9b5ccf75036500', 'salt789', 'STUDENT', '施凯瑞', 1),
(49, 'student38', 'b36e6fd615a046a6ff9b5ccf75036500', 'salt789', 'STUDENT', '张静怡', 1),
(50, 'student39', 'b36e6fd615a046a6ff9b5ccf75036500', 'salt789', 'STUDENT', '孔繁森', 1),
(51, 'student40', 'b36e6fd615a046a6ff9b5ccf75036500', 'salt789', 'STUDENT', '曹雪芹', 1),
(52, 'student41', 'b36e6fd615a046a6ff9b5ccf75036500', 'salt789', 'STUDENT', '严浩然', 1),
(53, 'student42', 'b36e6fd615a046a6ff9b5ccf75036500', 'salt789', 'STUDENT', '华明珠', 1),
(54, 'student43', 'b36e6fd615a046a6ff9b5ccf75036500', 'salt789', 'STUDENT', '金志远', 1),
(55, 'student44', 'b36e6fd615a046a6ff9b5ccf75036500', 'salt789', 'STUDENT', '魏子涵', 1),
(56, 'student45', 'b36e6fd615a046a6ff9b5ccf75036500', 'salt789', 'STUDENT', '陶晓明', 1),
(57, 'student46', 'b36e6fd615a046a6ff9b5ccf75036500', 'salt789', 'STUDENT', '姜雨薇', 1),
(58, 'student47', 'b36e6fd615a046a6ff9b5ccf75036500', 'salt789', 'STUDENT', '戚建华', 1),
(59, 'student48', 'b36e6fd615a046a6ff9b5ccf75036500', 'salt789', 'STUDENT', '谢思远', 1),
(60, 'student49', 'b36e6fd615a046a6ff9b5ccf75036500', 'salt789', 'STUDENT', '邹雅琴', 1),
(61, 'student50', 'b36e6fd615a046a6ff9b5ccf75036500', 'salt789', 'STUDENT', '喻浩然', 1),
(62, 'student51', 'b36e6fd615a046a6ff9b5ccf75036500', 'salt789', 'STUDENT', '柏雨晴', 1),
(63, 'student52', 'b36e6fd615a046a6ff9b5ccf75036500', 'salt789', 'STUDENT', '水思琪', 1),
(64, 'student53', 'b36e6fd615a046a6ff9b5ccf75036500', 'salt789', 'STUDENT', '窦晓峰', 1),
(65, 'student54', 'b36e6fd615a046a6ff9b5ccf75036500', 'salt789', 'STUDENT', '章雅婷', 1),
(66, 'student55', 'b36e6fd615a046a6ff9b5ccf75036500', 'salt789', 'STUDENT', '云子轩', 1),
(67, 'student56', 'b36e6fd615a046a6ff9b5ccf75036500', 'salt789', 'STUDENT', '苏雨薇', 1);

-- =============================================
-- 补充院系 (已有3个，增加2个)
-- =============================================
INSERT INTO department (id, dept_no, dept_name) VALUES
(4, 'ME', '机械工程学院'),
(5, 'FL', '外国语学院');

-- =============================================
-- 补充专业 (已有4个，增加6个)
-- =============================================
INSERT INTO major (id, major_no, major_name, dept_id, duration_years) VALUES
(5, 'CS03', '人工智能', 1, 4),
(6, 'SE03', '大数据技术', 1, 4),
(7, 'EE02', '通信工程', 2, 4),
(8, 'MA02', '统计学', 3, 4),
(9, 'ME01', '机械设计制造', 4, 4),
(10, 'FL01', '英语', 5, 4);

-- =============================================
-- 补充教师 (已有3名，增加7名)
-- =============================================
INSERT INTO teacher (id, user_id, teacher_no, name, gender, phone, email, title, department_id, status) VALUES
(4, 11, 'T2004', '赵文博', '男', '13800010004', 'zhaowb@school.edu.cn', '教授', 2, 1),
(5, 12, 'T2005', '孙丽华', '女', '13800010005', 'sunlh@school.edu.cn', '副教授', 1, 1),
(6, 13, 'T2006', '周志远', '男', '13800010006', 'zhouzy@school.edu.cn', '讲师', 3, 1),
(7, 14, 'T2007', '吴海燕', '女', '13800010007', 'wuhy@school.edu.cn', '教授', 4, 1),
(8, 15, 'T2008', '郑明辉', '男', '13800010008', 'zhengmh@school.edu.cn', '副教授', 5, 1),
(9, 16, 'T2009', '陈思远', '男', '13800010009', 'chensy@school.edu.cn', '讲师', 1, 1),
(10, 17, 'T2010', '林雅琴', '女', '13800010010', 'linyq@school.edu.cn', '副教授', 2, 1);

-- =============================================
-- 补充班级 (已有2个，增加8个)
-- =============================================
INSERT INTO class (id, class_no, class_name, major_id, enroll_year, head_teacher_id) VALUES
(3, 'C2303', '计算机2302班', 1, 2023, 5),
(4, 'C2304', '软件2302班', 2, 2023, 9),
(5, 'C2305', '人工智能2301班', 5, 2023, 3),
(6, 'C2306', '大数据2301班', 6, 2023, 2),
(7, 'C2307', '电子2301班', 3, 2023, 4),
(8, 'C2308', '通信2301班', 7, 2023, 10),
(9, 'C2309', '数学2301班', 4, 2023, 6),
(10, 'C2310', '统计2301班', 8, 2023, 6),
(11, 'C2311', '机械2301班', 9, 2023, 7),
(12, 'C2312', '英语2301班', 10, 2023, 8);

-- =============================================
-- 补充学生 (已有6名，增加50名)
-- =============================================
INSERT INTO student (id, user_id, student_no, name, gender, birth_date, phone, email, address, enroll_date, class_id, status) VALUES
(7, 18, 'S230104', '黄志明', '男', '2005-01-08', '13900010007', 'huangzm@school.edu.cn', '南京市鼓楼区', '2023-09-01', 1, 1),
(8, 19, 'S230105', '林小雨', '女', '2005-06-22', '13900010008', 'linxy@school.edu.cn', '武汉市洪山区', '2023-09-01', 1, 1),
(9, 20, 'S230106', '杨浩然', '男', '2005-03-15', '13900010009', 'yanghr@school.edu.cn', '西安市雁塔区', '2023-09-01', 1, 1),
(10, 21, 'S230204', '周雨晴', '女', '2005-07-19', '13900010010', 'zhouyq@school.edu.cn', '重庆市渝北区', '2023-09-01', 2, 1),
(11, 22, 'S230205', '吴志强', '男', '2005-02-28', '13900010011', 'wuzq@school.edu.cn', '天津市南开区', '2023-09-01', 2, 1),
(12, 23, 'S230206', '郑晓婷', '女', '2005-10-03', '13900010012', 'zhengxt@school.edu.cn', '长沙市岳麓区', '2023-09-01', 2, 1),
(13, 24, 'S230301', '孙鹏飞', '男', '2005-04-11', '13900010013', 'sunpf@school.edu.cn', '郑州市金水区', '2023-09-01', 3, 1),
(14, 25, 'S230302', '刘思琪', '女', '2005-08-25', '13900010014', 'liusq@school.edu.cn', '合肥市蜀山区', '2023-09-01', 3, 1),
(15, 26, 'S230303', '陈嘉豪', '男', '2005-12-06', '13900010015', 'chenjh@school.edu.cn', '福州市鼓楼区', '2023-09-01', 3, 1),
(16, 27, 'S230304', '张雨萱', '女', '2005-05-30', '13900010016', 'zhangyx@school.edu.cn', '昆明市五华区', '2023-09-01', 3, 1),
(17, 28, 'S230305', '王俊杰', '男', '2005-09-14', '13900010017', 'wangjj@school.edu.cn', '济南市历下区', '2023-09-01', 3, 1),
(18, 29, 'S230306', '李梦瑶', '女', '2005-01-27', '13900010018', 'limy@school.edu.cn', '哈尔滨市南岗区', '2023-09-01', 3, 1),
(19, 30, 'S230401', '赵天宇', '男', '2005-06-08', '13900010019', 'zhaoty@school.edu.cn', '沈阳市和平区', '2023-09-01', 4, 1),
(20, 31, 'S230402', '钱思远', '男', '2005-11-12', '13900010020', 'qiansy@school.edu.cn', '大连市中山区', '2023-09-01', 4, 1),
(21, 32, 'S230403', '孙雅婷', '女', '2005-03-04', '13900010021', 'sunyt@school.edu.cn', '青岛市市南区', '2023-09-01', 4, 1),
(22, 33, 'S230404', '周浩宇', '男', '2005-07-21', '13900010022', 'zhouhy@school.edu.cn', '厦门市思明区', '2023-09-01', 4, 1),
(23, 34, 'S230501', '吴佳琪', '女', '2005-02-14', '13900010023', 'wujq@school.edu.cn', '宁波市海曙区', '2023-09-01', 5, 1),
(24, 35, 'S230502', '郑凯文', '男', '2005-08-09', '13900010024', 'zhengkw@school.edu.cn', '温州市鹿城区', '2023-09-01', 5, 1),
(25, 36, 'S230503', '冯晓峰', '男', '2005-12-18', '13900010025', 'fengxf@school.edu.cn', '无锡市梁溪区', '2023-09-01', 5, 1),
(26, 37, 'S230504', '陈雨欣', '女', '2005-04-26', '13900010026', 'chenyux@school.edu.cn', '常州市天宁区', '2023-09-01', 5, 1),
(27, 38, 'S230601', '褚卫国', '男', '2005-10-15', '13900010027', 'chuwg@school.edu.cn', '苏州市姑苏区', '2023-09-01', 6, 1),
(28, 39, 'S230602', '蒋美琳', '女', '2005-05-07', '13900010028', 'jiangml@school.edu.cn', '南通市崇川区', '2023-09-01', 6, 1),
(29, 40, 'S230603', '沈子轩', '男', '2005-09-23', '13900010029', 'shenzx@school.edu.cn', '徐州市云龙区', '2023-09-01', 6, 1),
(30, 41, 'S230604', '韩雅文', '女', '2005-01-31', '13900010030', 'hanyw@school.edu.cn', '南昌市东湖区', '2023-09-01', 6, 1),
(31, 42, 'S230701', '杨志豪', '男', '2005-06-16', '13900010031', 'yangzh@school.edu.cn', '太原市小店区', '2023-09-01', 7, 1),
(32, 43, 'S230702', '朱晓丽', '女', '2005-11-02', '13900010032', 'zhuxl@school.edu.cn', '兰州市城关区', '2023-09-01', 7, 1),
(33, 44, 'S230703', '秦伟明', '男', '2005-03-28', '13900010033', 'qinwm@school.edu.cn', '贵阳市南明区', '2023-09-01', 7, 1),
(34, 45, 'S230801', '许思涵', '女', '2005-08-17', '13900010034', 'xush@school.edu.cn', '海口市龙华区', '2023-09-01', 8, 1),
(35, 46, 'S230802', '何俊杰', '男', '2005-12-25', '13900010035', 'hejj@school.edu.cn', '南宁市青秀区', '2023-09-01', 8, 1),
(36, 47, 'S230803', '吕雨桐', '女', '2005-04-09', '13900010036', 'lvyt@school.edu.cn', '银川市兴庆区', '2023-09-01', 8, 1),
(37, 48, 'S230901', '施凯瑞', '男', '2005-10-20', '13900010037', 'shikr@school.edu.cn', '呼和浩特市赛罕区', '2023-09-01', 9, 1),
(38, 49, 'S230902', '张静怡', '女', '2005-05-13', '13900010038', 'zhangjy@school.edu.cn', '乌鲁木齐市天山区', '2023-09-01', 9, 1),
(39, 50, 'S230903', '孔繁森', '男', '2005-09-06', '13900010039', 'kongfs@school.edu.cn', '拉萨市城关区', '2023-09-01', 9, 1),
(40, 51, 'S231001', '曹雪芹', '女', '2005-02-19', '13900010040', 'caoxq@school.edu.cn', '西宁市城中区', '2023-09-01', 10, 1),
(41, 52, 'S231002', '严浩然', '男', '2005-07-05', '13900010041', 'yanhr@school.edu.cn', '成都市锦江区', '2023-09-01', 10, 1),
(42, 53, 'S231003', '华明珠', '女', '2005-11-28', '13900010042', 'huamz@school.edu.cn', '重庆市江北区', '2023-09-01', 10, 1),
(43, 54, 'S231101', '金志远', '男', '2005-04-17', '13900010043', 'jinzy@school.edu.cn', '武汉市江岸区', '2023-09-01', 11, 1),
(44, 55, 'S231102', '魏子涵', '男', '2005-08-30', '13900010044', 'weizh@school.edu.cn', '长沙市开福区', '2023-09-01', 11, 1),
(45, 56, 'S231103', '陶晓明', '男', '2005-01-22', '13900010045', 'taoxm@school.edu.cn', '南昌市西湖区', '2023-09-01', 11, 1),
(46, 57, 'S231201', '姜雨薇', '女', '2005-06-10', '13900010046', 'jiangyw@school.edu.cn', '杭州市上城区', '2023-09-01', 12, 1),
(47, 58, 'S231202', '戚建华', '男', '2005-10-04', '13900010047', 'qijh@school.edu.cn', '宁波市鄞州区', '2023-09-01', 12, 1),
(48, 59, 'S231203', '谢思远', '女', '2005-03-16', '13900010048', 'xiesy@school.edu.cn', '温州市瓯海区', '2023-09-01', 12, 1),
(49, 60, 'S231204', '邹雅琴', '女', '2005-07-28', '13900010049', 'zouyq@school.edu.cn', '嘉兴市南湖区', '2023-09-01', 12, 1),
(50, 61, 'S231205', '喻浩然', '男', '2005-11-11', '13900010050', 'yuhr@school.edu.cn', '绍兴市越城区', '2023-09-01', 12, 1),
(51, 62, 'S230107', '柏雨晴', '女', '2005-04-03', '13900010051', 'baiyq@school.edu.cn', '南京市玄武区', '2023-09-01', 1, 1),
(52, 63, 'S230108', '水思琪', '男', '2005-08-14', '13900010052', 'shuisq@school.edu.cn', '苏州市吴中区', '2023-09-01', 1, 1),
(53, 64, 'S230207', '窦晓峰', '男', '2005-12-01', '13900010053', 'douxf@school.edu.cn', '无锡市滨湖区', '2023-09-01', 2, 1),
(54, 65, 'S230208', '章雅婷', '女', '2005-05-18', '13900010054', 'zhangyt@school.edu.cn', '常州市新北区', '2023-09-01', 2, 1),
(55, 66, 'S230307', '云子轩', '男', '2005-09-29', '13900010055', 'yunzx@school.edu.cn', '扬州市广陵区', '2023-09-01', 3, 1),
(56, 67, 'S230405', '苏雨薇', '女', '2005-02-07', '13900010056', 'suyw@school.edu.cn', '镇江市京口区', '2023-09-01', 4, 1);

-- =============================================
-- 补充课程 (已有5门，增加11门)
-- =============================================
INSERT INTO course (id, course_no, course_name, credit, hours, type) VALUES
(6, 'CO106', '计算机网络', 3.5, 56, '必修'),
(7, 'CO107', '操作系统', 4.0, 64, '必修'),
(8, 'CO108', '数据结构与算法', 4.0, 64, '必修'),
(9, 'CO109', '线性代数', 3.0, 48, '必修'),
(10, 'CO110', '概率论与数理统计', 3.0, 48, '必修'),
(11, 'CO111', '大学英语(二)', 2.0, 32, '必修'),
(12, 'CO112', '人工智能导论', 2.5, 40, '选修'),
(13, 'CO113', '机器学习', 3.0, 48, '选修'),
(14, 'CO114', 'Web前端开发', 2.0, 32, '选修'),
(15, 'CO115', '创新创业基础', 1.0, 16, '公选'),
(16, 'CO116', '体育(二)', 1.0, 32, '必修');

-- =============================================
-- 补充教学计划 (已有5个，增加11个)
-- =============================================
INSERT INTO teaching_plan (id, course_id, teacher_id, class_id, semester, max_students, current_students) VALUES
-- 计算机2301班 (班级1, 实际8人有score记录)
(6, 6, 5, 1, '2025-2026-1', 60, 8),  -- 计算机网络
(7, 7, 1, 1, '2025-2026-1', 60, 8),  -- 操作系统
(8, 8, 5, 1, '2025-2026-1', 60, 8),  -- 数据结构与算法
(9, 9, 6, 1, '2025-2026-1', 60, 8),  -- 线性代数
-- 软件2301班 (班级2, 实际6人有score记录)
(10, 6, 9, 2, '2025-2026-1', 60, 6), -- 计算机网络
(11, 7, 1, 2, '2025-2026-1', 60, 6), -- 操作系统
-- 计算机2302班 (班级3, 实际6人有score记录)
(12, 8, 5, 3, '2025-2026-1', 60, 6), -- 数据结构与算法
(13, 9, 6, 3, '2025-2026-1', 60, 6), -- 线性代数
-- 选修课
(14, 12, 5, NULL, '2025-2026-1', 40, 0), -- 人工智能导论
(15, 13, 5, NULL, '2025-2026-1', 35, 0), -- 机器学习
(16, 14, 9, NULL, '2025-2026-1', 50, 0); -- Web前端开发

-- =============================================
-- 补充成绩数据 (丰富统计样本)
-- =============================================

-- 计算机网络 - 计算机2301班 (9人)
INSERT INTO score (teaching_plan_id, student_id, score, grade_level, exam_type) VALUES
(6, 1, 78.0, 'C', '期末'), (6, 2, 88.0, 'B', '期末'), (6, 3, 65.0, 'D', '期末'),
(6, 7, 92.0, 'A', '期末'), (6, 8, 73.0, 'C', '期末'), (6, 9, 81.0, 'B', '期末'),
(6, 51, 76.0, 'C', '期末'), (6, 52, 95.0, 'A', '期末');

-- 操作系统 - 计算机2301班
INSERT INTO score (teaching_plan_id, student_id, score, grade_level, exam_type) VALUES
(7, 1, 82.0, 'B', '期末'), (7, 2, 91.0, 'A', '期末'), (7, 3, 55.0, 'F', '期末'),
(7, 7, 88.0, 'B', '期末'), (7, 8, 79.0, 'C', '期末'), (7, 9, 85.0, 'B', '期末'),
(7, 51, 70.0, 'C', '期末'), (7, 52, 93.0, 'A', '期末');

-- 数据结构 - 计算机2301班
INSERT INTO score (teaching_plan_id, student_id, score, grade_level, exam_type) VALUES
(8, 1, 90.0, 'A', '期末'), (8, 2, 76.0, 'C', '期末'), (8, 3, 68.0, 'D', '期末'),
(8, 7, 94.0, 'A', '期末'), (8, 8, 72.0, 'C', '期末'), (8, 9, 83.0, 'B', '期末'),
(8, 51, 69.0, 'D', '期末'), (8, 52, 87.0, 'B', '期末');

-- 线性代数 - 计算机2301班
INSERT INTO score (teaching_plan_id, student_id, score, grade_level, exam_type) VALUES
(9, 1, 75.0, 'C', '期末'), (9, 2, 89.0, 'B', '期末'), (9, 3, 62.0, 'D', '期末'),
(9, 7, 96.0, 'A', '期末'), (9, 8, 71.0, 'C', '期末'), (9, 9, 80.0, 'B', '期末'),
(9, 51, 67.0, 'D', '期末'), (9, 52, 91.0, 'A', '期末');

-- 计算机网络 - 软件2301班
INSERT INTO score (teaching_plan_id, student_id, score, grade_level, exam_type) VALUES
(10, 4, 85.0, 'B', '期末'), (10, 5, 72.0, 'C', '期末'), (10, 6, 91.0, 'A', '期末'),
(10, 10, 78.0, 'C', '期末'), (10, 11, 66.0, 'D', '期末'), (10, 12, 88.0, 'B', '期末'),
(10, 53, 74.0, 'C', '期末'), (10, 54, 82.0, 'B', '期末');

-- 操作系统 - 软件2301班
INSERT INTO score (teaching_plan_id, student_id, score, grade_level, exam_type) VALUES
(11, 4, 79.0, 'C', '期末'), (11, 5, 68.0, 'D', '期末'), (11, 6, 85.0, 'B', '期末'),
(11, 10, 73.0, 'C', '期末'), (11, 11, 58.0, 'F', '期末'), (11, 12, 92.0, 'A', '期末'),
(11, 53, 77.0, 'C', '期末'), (11, 54, 81.0, 'B', '期末');

-- 数据结构 - 计算机2302班
INSERT INTO score (teaching_plan_id, student_id, score, grade_level, exam_type) VALUES
(12, 13, 88.0, 'B', '期末'), (12, 14, 75.0, 'C', '期末'), (12, 15, 92.0, 'A', '期末'),
(12, 16, 68.0, 'D', '期末'), (12, 17, 83.0, 'B', '期末'), (12, 18, 79.0, 'C', '期末'),
(12, 55, 86.0, 'B', '期末');

-- 线性代数 - 计算机2302班
INSERT INTO score (teaching_plan_id, student_id, score, grade_level, exam_type) VALUES
(13, 13, 72.0, 'C', '期末'), (13, 14, 91.0, 'A', '期末'), (13, 15, 78.0, 'C', '期末'),
(13, 16, 65.0, 'D', '期末'), (13, 17, 84.0, 'B', '期末'), (13, 18, 76.0, 'C', '期末'),
(13, 55, 89.0, 'B', '期末');

-- =============================================
-- 补充考勤数据
-- =============================================

-- 计算机网络 - 计算机2301班 考勤
INSERT INTO attendance (student_id, teaching_plan_id, attend_date, status, remark) VALUES
(1, 6, '2026-03-03', '出勤', '计算机网络上课'), (2, 6, '2026-03-03', '出勤', '计算机网络上课'),
(3, 6, '2026-03-03', '迟到', '迟到10分钟'), (7, 6, '2026-03-03', '出勤', '计算机网络上课'),
(8, 6, '2026-03-03', '出勤', '计算机网络上课'), (9, 6, '2026-03-03', '旷课', '无故缺勤'),
(51, 6, '2026-03-03', '出勤', '计算机网络上课'), (52, 6, '2026-03-03', '出勤', '计算机网络上课'),
(1, 6, '2026-03-10', '出勤', '计算机网络上课'), (2, 6, '2026-03-10', '请假', '病假'),
(3, 6, '2026-03-10', '出勤', '计算机网络上课'), (7, 6, '2026-03-10', '出勤', '计算机网络上课'),
(8, 6, '2026-03-10', '迟到', '迟到5分钟'), (9, 6, '2026-03-10', '出勤', '计算机网络上课'),
(51, 6, '2026-03-10', '出勤', '计算机网络上课'), (52, 6, '2026-03-10', '出勤', '计算机网络上课');

-- 数据结构 - 计算机2301班 考勤
INSERT INTO attendance (student_id, teaching_plan_id, attend_date, status, remark) VALUES
(1, 8, '2026-03-04', '出勤', '数据结构上课'), (2, 8, '2026-03-04', '出勤', '数据结构上课'),
(3, 8, '2026-03-04', '出勤', '数据结构上课'), (7, 8, '2026-03-04', '旷课', '无故缺勤'),
(8, 8, '2026-03-04', '出勤', '数据结构上课'), (9, 8, '2026-03-04', '出勤', '数据结构上课'),
(51, 8, '2026-03-04', '迟到', '迟到15分钟'), (52, 8, '2026-03-04', '出勤', '数据结构上课');

-- 数据结构 - 计算机2302班 考勤
INSERT INTO attendance (student_id, teaching_plan_id, attend_date, status, remark) VALUES
(13, 12, '2026-03-04', '出勤', '数据结构上课'), (14, 12, '2026-03-04', '出勤', '数据结构上课'),
(15, 12, '2026-03-04', '迟到', '迟到8分钟'), (16, 12, '2026-03-04', '出勤', '数据结构上课'),
(17, 12, '2026-03-04', '出勤', '数据结构上课'), (18, 12, '2026-03-04', '旷课', '无故缺勤'),
(55, 12, '2026-03-04', '出勤', '数据结构上课');

-- 软件2301班 操作系统 考勤
INSERT INTO attendance (student_id, teaching_plan_id, attend_date, status, remark) VALUES
(4, 11, '2026-03-05', '出勤', '操作系统上课'), (5, 11, '2026-03-05', '旷课', '无故缺勤'),
(6, 11, '2026-03-05', '出勤', '操作系统上课'), (10, 11, '2026-03-05', '出勤', '操作系统上课'),
(11, 11, '2026-03-05', '迟到', '迟到20分钟'), (12, 11, '2026-03-05', '出勤', '操作系统上课'),
(53, 11, '2026-03-05', '出勤', '操作系统上课'), (54, 11, '2026-03-05', '出勤', '操作系统上课');

-- =============================================
-- 补充公告数据
-- =============================================
INSERT INTO notice (title, content, publisher_id, target_role, is_top) VALUES
('关于期末考试安排的通知', '各位同学：本学期期末考试将于6月30日开始，请做好复习准备。具体考试时间安排请关注后续通知。', 1, 'STUDENT', 1),
('关于选修课退选截止的通知', '选修课退选截止日期为本周五17:00，请需要退选的同学尽快操作。', 1, 'STUDENT', 0),
('教师年度考核材料提交通知', '请各位教师在本月底前完成年度考核材料的提交，包括教学总结和科研成果。', 1, 'TEACHER', 0);

-- =============================================
-- 补充请假数据
-- =============================================
INSERT INTO leave_request (student_id, start_date, end_date, reason, status, approver_id, approve_time, remark) VALUES
(8, '2026-04-01', '2026-04-03', '家中有急事需要回去处理', '已批准', 5, '2026-03-31 20:00:00', '同意请假，注意补课'),
(14, '2026-04-10', '2026-04-11', '身体不适需要休息', '已批准', 5, '2026-04-09 18:00:00', '批准，注意休息'),
(16, '2026-04-15', '2026-04-17', '参加学术会议', '已批准', 5, '2026-04-14 10:00:00', '同意，事后补交参会证明'),
(23, '2026-04-20', '2026-04-22', '感冒发烧需要就医', '待审批', NULL, NULL, NULL);
